sector_code,sector_name,sector_rank,ts_code,name,index,latest_close,ret_20d,ret_60d,avg_amount_20d,avg_turnover_20d,vol_20d,revenue_yoy,net_profit_yoy,roe,growth_score,avg_net_mf_20d,composite_score
801010.SI,农林牧渔,1,002714.SZ,牧原股份,沪深300,41.86,4.676169042260558,13.196322336398069,1701741.819777,1.2300649999999995,1.7374631508322702,-22.3016,-178.793,-7.6993,-100.5473,929.679,70.0
801010.SI,农林牧渔,2,300498.SZ,温氏股份,沪深300,14.9,7.194244604316546,13.480578827113488,692885.4609635,0.791345,1.7738528632612118,-6.2272,-329.1582,-11.2117,-167.6927,2782.8779999999997,63.75
801010.SI,农林牧渔,3,301498.SZ,乖宝宠物,创业板指,41.4,8.093994778067891,-0.4089487611258158,153852.07988050004,2.0743400000000003,2.918762552011779,10.0079,-61.449,4.0896,-25.72055,-46.169500000000085,58.75
801030.SI,基础化工,1,600989.SH,宝丰能源,沪深300,23.21,0.4327131112072724,11.855421686747004,1679005.0297000003,0.94874,2.231606190168866,32.3321,84.9227,18.7805,58.6274,-665.9279999999999,76.78571428571428
801030.SI,基础化工,2,600309.SH,万华化学,沪深300,70.66,-5.141629748959586,3.4704934836725654,2440931.9584000004,1.04006,1.8707660301260776,31.2585,115.6555,9.0697,73.45700000000001,-2866.1134999999986,69.64285714285715
801030.SI,基础化工,3,300487.SZ,蓝晓科技,创业板指,69.26,11.029176017954478,-1.9258000566411804,310395.4265815,1.5418349999999998,2.442324123598366,10.47,-5.4981,9.2264,2.4859500000000003,47.023,62.5
801040.SI,钢铁,1,600019.SH,宝钢股份,沪深300,5.73,-2.716468590831911,3.429602888086647,517800.46155,0.4153399999999999,0.8693173555939409,6.1828,-5.1535,2.217,0.51465,-1876.571,81.24999999999999
801040.SI,钢铁,2,600010.SH,包钢股份,沪深300,2.12,-6.194690265486713,-4.932735426008961,654901.7148,0.9521599999999998,1.082589157857461,-10.5152,431.3576,0.535,210.4212,-3564.5695,64.58333333333333
801040.SI,钢铁,3,000708.SZ,中信特钢,沪深300,12.86,-8.5348506401138,0.7836990595611271,172500.50361749995,0.253045,1.0258810592158794,,,,,-842.3704999999998,54.16666666666666
801050.SI,有色金属,1,000807.SZ,云铝股份,沪深300,26.95,2.2770398481973375,23.62385321100917,1751432.6149825,1.85572,2.1658548994687137,20.3002,127.5937,21.8929,73.94695,450.8555000000003,72.79411764705883
801050.SI,有色金属,2,601600.SH,中国铝业,沪深300,9.27,-3.3368091762252416,13.04878048780489,1636874.0195,1.2982599999999995,1.994926315451011,7.7353,103.2989,14.8925,55.5171,2650.1914999999995,64.70588235294117
801050.SI,有色金属,3,601899.SH,紫金矿业,沪深300,31.41,-8.87728459530026,25.08960573476702,6705281.21215,0.9874800000000002,2.127259924211871,15.7817,52.3258,20.0148,34.05375,-862.8525000000014,59.55882352941177
801050.SI,有色金属,3,000657.SZ,中钨高新,沪深300,60.26,-4.364386605300741,-37.18991036064207,3810907.955723501,4.239890000000001,3.0549718756738,108.5139,274.9662,19.7722,191.74005,-8805.505000000001,59.55882352941177
801080.SI,电子,1,300857.SZ,协创数据,创业板指,273.35,15.713499555517952,-17.494189731671238,4453483.782894,3.5154100000000006,3.802458274559125,153.2889,321.9862,35.177,237.63755,12200.627500000002,76.16691104594331
801080.SI,电子,2,688498.SH,源杰科技,科创50,1753.1,13.836923136862731,-0.4486087450312426,5133494.611649999,2.52528,4.531726891626356,351.4011,1238.7,22.1803,795.05055,6005.103999999997,74.19965786901271
801080.SI,电子,3,002384.SZ,东山精密,沪深300,198.12,1.934554435068936,-19.564776095164625,11436319.311918002,4.289235,3.1439579048800725,63.9482,515.988,12.9044,289.96810000000005,22862.878,73.97360703812316
801110.SI,家用电器,1,300475.SZ,香农芯创,创业板指,181.2,18.843051092018097,-40.10115368087006,4759861.431462499,6.1617049999999995,4.168360710424486,251.5962,2151.0076,67.9762,1201.3019,3784.1045,78.57142857142857
801110.SI,家用电器,2,000333.SZ,美的集团,沪深300,82.54,-4.456534321101968,6.640826873385008,1976613.5967025,0.3365899999999999,1.3911816053458412,3.5515,-1.2811,12.1289,1.1352,-3707.465,60.714285714285715
801110.SI,家用电器,3,000100.SZ,TCL科技,沪深300,5.03,2.443991853360483,-17.810457516339863,1880293.5091355,1.9147999999999996,1.4891381314724512,3.6094,1029.9404,6.0932,516.7749,-1756.1870000000004,58.92857142857142
801120.SI,食品饮料,1,600887.SH,伊利股份,沪深300,26.77,2.5670498084291005,10.119292472233642,1520863.93125,0.91066,0.9649669952768768,4.1345,-96.3125,10.628,-46.089,7309.079,78.12499999999999
801120.SI,食品饮料,2,000596.SZ,古井贡酒,沪深300,95.86,3.992189195053153,19.48149071419667,362384.6065125,0.92357,3.058403509934382,,,,,-2536.023,63.39285714285714
801120.SI,食品饮料,3,600519.SH,贵州茅台,沪深300,1253.8,-3.761129874117286,5.095514706498694,3088090.78385,0.191725,0.8218198928533391,1.4699,-6.936,17.9543,-2.73305,-10658.195000000003,63.24404761904761
801130.SI,纺织服饰,1,600219.SH,南山铝业,沪深300,4.75,-1.65631469979296,17.866004962779147,656898.36665,1.1785099999999995,1.4813829397506273,,,,,,75.0
801130.SI,纺织服饰,1,300979.SZ,华利集团,创业板指,33.65,-1.7231308411215007,9.823759791122711,68409.740123,0.17649,1.4158295545926052,-13.7098,-37.2926,6.0143,-25.5012,-325.744,75.0
801150.SI,医药生物,1,603259.SH,药明康德,沪深300,167.85,5.400313971742543,34.06549520766773,5379802.379249999,1.380465,1.976594113614043,38.935,30.5557,13.5915,34.74535,4874.963,81.96881091617934
801150.SI,医药生物,2,300765.SZ,石药创新,创业板指,47.86,5.186813186813177,55.642276422764226,923592.3149775,1.47459,3.01584602588866,208.7246,3883.8307,38.1951,2046.27765,-1340.8869999999995,75.16835016835017
801150.SI,医药生物,3,300759.SZ,康龙化成,创业板指,44.46,0.6337709370755951,48.34834834834836,2102338.443152,3.444955,2.851088105397103,17.924,7.5927,4.7763,12.75835,1116.3834999999997,73.50589225589226
801160.SI,公用事业,1,600900.SH,长江电力,沪深300,28.02,-0.7790368271954673,5.180180180180183,2480254.99745,0.3590050000000001,0.77306923655,3.3562,1.9777,6.7459,2.66695,4547.555000000002,78.84615384615384
801160.SI,公用事业,2,600795.SH,国电电力,沪深300,5.19,-0.7648183556405397,11.37339055793991,545332.5577,0.578275,1.1141638542446364,1.7699,-12.6534,5.035,-5.44175,1543.545,67.88461538461539
801160.SI,公用事业,3,600674.SH,川投能源,沪深300,15.93,1.5296367112810794,12.818696883852688,384339.59315,0.49845,0.9476738045701278,,,,,,63.942307692307686
801170.SI,交通运输,1,601872.SH,招商轮船,沪深300,21.48,16.866158868335155,27.326615293420264,2894262.649,1.775195,4.445314806858896,56.1525,232.4694,15.4925,144.31095,-4089.4475,77.10084033613445
801170.SI,交通运输,2,600026.SH,中远海能,沪深300,21.91,17.985998922994085,31.197604790419177,1572568.4286999998,1.9894199999999995,3.38167152130422,,,,,,69.48529411764706
801170.SI,交通运输,3,601006.SH,大秦铁路,沪深300,4.71,-1.670146137787054,2.3913043478260843,489085.6108999999,0.5155,0.6403711393238669,6.2,18.8964,2.5872,12.5482,379.1794999999999,63.78151260504202
801180.SI,房地产,1,600048.SH,保利发展,沪深300,5.68,7.984790874524705,20.33898305084745,1117136.46615,1.7904250000000002,2.7699897523846166,-11.9774,-43.6396,1.0136,-27.8085,4790.691,87.5
801180.SI,房地产,2,000002.SZ,万科A,沪深300,3.81,21.725239616613436,23.70129870129869,753606.2066785,2.328555,3.588415088513825,,,,,,64.58333333333333
801180.SI,房地产,3,001979.SZ,招商蛇口,沪深300,7.27,-0.2743484224965731,10.65449010654489,770108.655736,1.262155,3.107516250416925,,,,,,47.91666666666666
801200.SI,商贸零售,1,600415.SH,小商品城,沪深300,11.85,-3.736799350121855,14.05197305101058,563738.35,0.8301849999999998,2.2040083176603007,,,,,,72.91666666666666
801200.SI,商贸零售,2,300972.SZ,万辰集团,创业板指,163.8,-13.575687226296616,-8.989887765307248,340455.50197850005,1.047865,2.4318782358444024,54.2616,89.0036,57.9027,71.6326,179.94199999999995,70.83333333333333
801200.SI,商贸零售,3,000408.SZ,藏格矿业,沪深300,73.5,-7.302307983352263,7.581967213114771,801803.7632755,0.6763700000000001,2.4432267435708868,23.0455,96.2692,21.7587,59.65735,-2055.0665,56.24999999999999
801210.SI,社会服务,1,601888.SH,中国中免,沪深300,52.27,-1.525998492840985,-4.963636363636359,1035495.85905,0.999315,1.2893315965116026,-1.7603,-20.7697,5.5019,-11.265,-4265.358499999999,81.25
801210.SI,社会服务,2,300144.SZ,宋城演艺,创业板指,5.82,-2.1848739495798353,-1.0204081632652962,210666.2570845,1.36694,1.3620014020009783,-11.4262,-13.0169,4.4253,-12.22155,-298.453,68.75
801230.SI,综合,1,000975.SZ,山金国际,沪深300,24.2,-11.582024113993429,44.219308700834304,1100129.862907,1.67372,2.1330705663556073,4.4711,15.0622,15.6719,9.76665,626.6360000000001,77.08333333333333
801230.SI,综合,2,300012.SZ,华测检测,创业板指,14.73,-1.6688918558077417,-2.0611702127659504,329816.0951725,1.55694,1.366917928811113,15.8598,17.6044,7.15,16.7321,-653.9304999999998,68.75
